<?xml version="1.0" encoding="UTF-8"?>
<!-- Foundation -->
<window id="101">
    <onunload condition="!Skin.HasSetting(WidgetsInit)">RunScript(script.skinshortcuts,type=manage&amp;group=mainmenu)</onunload>
    <!-- <onunload condition="String.IsEmpty(Window(Home).Property(SkinInitStarted))">ReplaceWindow(Startup.xml)</onunload> -->
    <!-- <onunload condition="String.IsEmpty(Window(Home).Property(SkinInitStarted))">ReplaceWindow(1117)</onunload> -->
    <controls>

        <include>Global_Overlay</include>

        <control type="group">
            <include>Dialog_Confirm</include>
            <control type="grouplist">
                <top>310</top>
                <height>66</height>
                <width>100%</width>
                <align>center</align>
                <orientation>horizontal</orientation>
                <itemgap>30</itemgap>
                <control type="button" id="11">
                    <description>Yes</description>
                    <width>320</width>
                    <label>107</label>
                    <font>font_button</font>
                    <texturefocus colordiffuse="$VAR[ColorHighlight]" border="5">common/box.png</texturefocus>
                    <texturenofocus colordiffuse="dialog_fg_12" border="5">common/box.png</texturenofocus>
                </control>
                <control type="button" id="10">
                    <description>No</description>
                    <width>320</width>
                    <label>106</label>
                    <font>font_button</font>
                    <texturefocus colordiffuse="$VAR[ColorHighlight]" border="5">common/box.png</texturefocus>
                    <texturenofocus colordiffuse="dialog_fg_12" border="5">common/box.png</texturenofocus>
                </control>
            </control>
            <control type="progress" id="20">
                <description>Progressbar</description>
                <left>15</left>
                <right>15</right>
                <bottom>440</bottom>
                <height>16</height>
                <info>System.Progressbar</info>
                <texturebg colordiffuse="dialog_fg_30" border="4">diffuse/progress-bg.png</texturebg>
            </control>
            <control type="progress">
                <description>Progressbar</description>
                <left>15</left>
                <right>15</right>
                <bottom>440</bottom>
                <height>16</height>
                <info>System.Progressbar</info>
                <texturebg colordiffuse="00ffffff" border="4">diffuse/progress-bg.png</texturebg>
                <lefttexture colordiffuse="00ffffff" border="4">diffuse/progress-left.png</lefttexture>
                <midtexture colordiffuse="$VAR[ColorHighlight2]" border="4" diffuse="progress/diffuse.png">diffuse/progress-end.png</midtexture>
                <righttexture colordiffuse="$VAR[ColorHighlight2]" border="4" diffuse="progress/diffuse-end.png">diffuse/progress-right.png</righttexture>
                <include content="Defs_Progress_Colorfade">
                    <param name="id" value="20" />
                </include>
            </control>

        </control>

    </controls>

</window>
