<?xml version="1.0" encoding="UTF-8" standalone="yes"?>
<addon id="plugin.video.eurosporton" name="EurosportOn" version="0.2.1" provider-name="Stephen Doody">
    <requires>
        <import addon="xbmc.python" version="3.0.0"/>
        <import addon="script.module.dateutil" version="2.8.1"/>
        <import addon="script.module.inputstreamhelper" version="0.3.3"/>
        <import addon="script.module.routing" version="0.2.0"/>
        <import addon="script.module.requests" version="2.7.0"/>
        <import addon="script.module.simplejson" version="3.16.1"/>
    </requires>
    <extension point="xbmc.python.pluginsource" library="main.py">
        <provides>video</provides>
    </extension>
    <extension point="xbmc.addon.metadata">
        <summary lang="en_GB">View Eurosport Player streams and video on demand.</summary>
        <description lang="en_GB"></description>
        <language></language>
        <platform>all</platform>
        <license>MIT</license>
        <forum></forum>
        <website></website>
        <email>steglos1971@gmail.com</email>
        <source></source>
        <news></news>
        <disclaimer></disclaimer>
        <assets>
            <icon>resources/icon.png</icon>
            <fanart>resources/fanart.jpg</fanart>
        </assets>
    </extension>
</addon>
